{"cameraMode":{"drawMode":0,"name":"Shaded","section":"Shading Mode"},"sceneLighting":true,"audioPlay":false,"sceneViewState":{"m_AlwaysRefresh":false,"showFog":true,"showSkybox":true,"showFlares":true,"showImageEffects":true,"showParticleSystems":true,"showVisualEffectGraphs":true,"m_FxEnabled":true},"in2DMode":false,"pivot":{"x":-31.260000228881837,"y":-1.5999999046325684,"z":-20.809999465942384},"rotation":{"x":0.48884859681129458,"y":0.07752997428178787,"z":-0.043672580271959308,"w":0.8678238391876221},"size":4.330128192901611,"orthographic":false}